filename,title,authors,year,source_url,license
A_Review_of_Recent_Advancements_and_Challenges_in_Battery_Energy_Storage_System_BESS1.pdf,A Review of Recent Advancements and Challenges in Battery Energy Storage System (BESS),,,,
"BATTERY ENERGY STORAGE SYSTEMS MODELLING, APPLICATIONS AND DESIGN CRITERIA.pdf","BATTERY ENERGY STORAGE SYSTEMS MODELLING, APPLICATIONS AND DESIGN CRITERIA",,,,
BESS Communication Protocols Complete 2026 Guide.pdf,BESS Communication Protocols Complete 2026 Guide,,,,
Battery Electric Storage Systems.pdf,"Battery Electric Storage Systems: Advances, Challenges, and Market Trends",,,,
ENGIE-BESS-Whitepaper.pdf,ENGIE BESS Whitepaper,,,,
LCOS of battery energy storage systems.pdf,Levelized Cost of Storage (LCOS) of Battery Energy Storage Systems (BESS) Deployed for Photovoltaic Curtailment Mitigation,,,,
Optimal sizing of battery energy storage system for mitigation of RES fluctuation.pdf,Optimal sizing of battery energy storage system for mitigation of RES fluctuation,,,,
Review of Battery Energy Storage System Optimization.pdf,Review of Battery Energy Storage System Optimization,,,,
Review of Battery Energy Storage Systems.pdf,Review of Battery Energy Storage Systems,,,,
Trends and Outlook of BESS in Electrical Grids LATAM.pdf,Trends and Outlook of BESS in Electrical Grids of Latin America,,,,
